{
    "1": {
        "train_loss": 0.3522226733128583,
        "train_accuracy": 89.44769998345625,
        "train_IoU": 0.2678945858591259,
        "val_accuracy": 92.72784264556068,
        "val_loss": 0.1962700477242471,
        "val_IoU": 0.33400775177979614
    },
    "2": {
        "train_loss": 0.19831092177759568,
        "train_accuracy": 92.57011502259527,
        "train_IoU": 0.34593321161311724,
        "val_accuracy": 93.27377687224094,
        "val_loss": 0.17142944678664207,
        "val_IoU": 0.39502543061306516
    },
    "3": {
        "train_loss": 0.17881806219672836,
        "train_accuracy": 93.06991040253556,
        "train_IoU": 0.37949537612729056,
        "val_accuracy": 93.23981924091633,
        "val_loss": 0.1666317429269353,
        "val_IoU": 0.4070084073618003
    }
}