{
    "1": {
        "train_loss": 0.46493214450959,
        "train_accuracy": 86.78752416279193,
        "train_IoU": 0.2640166630844988,
        "val_accuracy": 92.72000626910116,
        "val_loss": 0.19641112769643454,
        "val_IoU": 0.3371706213791869
    },
    "2": {
        "train_loss": 0.20195629106697627,
        "train_accuracy": 92.51432352889957,
        "train_IoU": 0.34304800414072656,
        "val_accuracy": 93.27638899772745,
        "val_loss": 0.1738846731434266,
        "val_IoU": 0.3692595080335891
    },
    "3": {
        "train_loss": 0.18046677981675477,
        "train_accuracy": 92.96884523622938,
        "train_IoU": 0.3788156193088478,
        "val_accuracy": 93.45140140532351,
        "val_loss": 0.16427786635234953,
        "val_IoU": 0.3826709953009031
    }
}