{
    "1": {
        "train_loss": 0.4139773084933478,
        "train_accuracy": 87.76883827037946,
        "train_IoU": 0.2614502215997221,
        "val_accuracy": 92.92375205704883,
        "val_loss": 0.1916329321668794,
        "val_IoU": 0.3458469298729494
    },
    "2": {
        "train_loss": 0.20111840424482555,
        "train_accuracy": 92.52999669122129,
        "train_IoU": 0.3484944918850771,
        "val_accuracy": 92.90807930412977,
        "val_loss": 0.18130460864553855,
        "val_IoU": 0.3740180447912906
    },
    "3": {
        "train_loss": 0.18055291780849334,
        "train_accuracy": 93.03502081047664,
        "train_IoU": 0.3750851494095016,
        "val_accuracy": 93.5741713031894,
        "val_loss": 0.1627591905494531,
        "val_IoU": 0.3911458268743516
    }
}