{
    "1": {
        "train_loss": 0.4072399297874337,
        "train_accuracy": 87.29962471810322,
        "train_IoU": 0.2671763469269608,
        "val_accuracy": 92.74612752396625,
        "val_loss": 0.20089656891922164,
        "val_IoU": 0.33612219996936143
    },
    "2": {
        "train_loss": 0.20671152809265594,
        "train_accuracy": 92.36462423920521,
        "train_IoU": 0.3428973582897742,
        "val_accuracy": 93.31295875453857,
        "val_loss": 0.17476272787898772,
        "val_IoU": 0.3804459496440588
    },
    "3": {
        "train_loss": 0.18622782579177197,
        "train_accuracy": 92.92275810426045,
        "train_IoU": 0.37308162878457146,
        "val_accuracy": 93.46446203275606,
        "val_loss": 0.16728762446592252,
        "val_IoU": 0.3870599574306889
    }
}