{
    "1": {
        "train_loss": 0.42379798326964907,
        "train_accuracy": 87.8159638475537,
        "train_IoU": 0.2554251577411694,
        "val_accuracy": 92.8244912885615,
        "val_loss": 0.19443893428891892,
        "val_IoU": 0.3393092556360404
    },
    "2": {
        "train_loss": 0.20188375569896586,
        "train_accuracy": 92.50568147187127,
        "train_IoU": 0.3523939266863513,
        "val_accuracy": 93.45140140532351,
        "val_loss": 0.17249585626025996,
        "val_IoU": 0.3925089211682141
    },
    "3": {
        "train_loss": 0.1823172210809051,
        "train_accuracy": 93.07078112619398,
        "train_IoU": 0.38256170277921575,
        "val_accuracy": 93.65514719327118,
        "val_loss": 0.16142982379843784,
        "val_IoU": 0.4215738468245417
    }
}